Exclusivo Internet,3040
Exclusivo Internet,3180
Exclusivo Internet,3980
Exclusivo Internet,4670
Exclusivo Internet,5080
Exclusivo Internet,8600
Plátano,1050
Papas,2190
Tomates,1390
Champiñones,1050
Zapallo,610
Papas,5390
Palta,4490
Zanahoria,690
Limones,990
Cebolla,950
Brócoli,1050
Manzanas,1790
Espinaca,950
Pepino,550
Lechuga,650
Tomates,1190
Champiñones,2150
Naranjas,3590
Zapallo,1590
Manzanas,1790
Limones,990
Mandarinas,1690
Piña,1690
Frutillas,2690
Lechuga,650
Pimiento,750
Ajo,990
Papas,1290
Papas,1990
Apio,1050
Acelga,790
Naranjas,5290
Lechuga,1390
Cilantro,620
